{"cameraMode":{"drawMode":0,"name":"Shaded","section":"Shading Mode"},"sceneLighting":false,"audioPlay":false,"sceneViewState":{"showFog":false,"showMaterialUpdate":false,"showSkybox":false,"showFlares":false,"showImageEffects":false,"showParticleSystems":false},"in2DMode":false,"pivot":{"x":83.13232421875,"y":-873.8648681640625,"z":319.33685302734377},"rotation":{"x":-0.21433106064796449,"y":0.7819508910179138,"z":-0.4548105299472809,"w":-0.36848384141921999},"size":1683.12451171875,"orthographic":false}