{"cameraMode":{"drawMode":0,"name":"Shaded","section":"Shading Mode"},"sceneLighting":false,"audioPlay":false,"sceneViewState":{"showFog":false,"showMaterialUpdate":false,"showSkybox":false,"showFlares":false,"showImageEffects":false,"showParticleSystems":false},"in2DMode":false,"pivot":{"x":238.69967651367188,"y":114.22813415527344,"z":-382.260009765625},"rotation":{"x":0.2627202570438385,"y":-0.14121605455875398,"z":0.03890334069728851,"w":0.9536932706832886},"size":161.92300415039063,"orthographic":false}